{"assets":{"5E5D976EB1A38F21D72FF313240D3338":{"type":"texture","index":1,"url":{"native":"assets\/3EC428BB-8515-4D13-BE77-2483F2A3DD2E.pdf"},"width":1920,"height":1080},"47232037A2F8F06B31C15D156D10BF64":{"type":"texture","index":0,"url":{"native":"assets\/3EC428BB-8515-4D13-BE77-2483F2A3DD2E.pdf"},"width":1920,"height":1080}},"events":[{"effects":[{"beginTime":0,"baseLayer":{"animations":[],"initialState":{"affineTransform":[1,0,0,1,0,0],"masksToBounds":false,"rotation":0,"scale":1,"position":{"pointX":960,"pointY":540},"width":1920,"sublayerTransform":[1,0,0,0,0,1,0,0,0,0,1,0,0,0,0,1],"contentsRect":{"y":0,"x":0,"width":1,"height":1},"opacity":1,"edgeAntialiasingMask":251658240,"height":1080,"hidden":false,"anchorPoint":{"pointX":0.5,"pointY":0.5}},"objectID":"0","layers":[{"animations":[],"initialState":{"affineTransform":[1,0,0,1,0,0],"masksToBounds":false,"rotation":0,"scale":1,"position":{"pointX":960,"pointY":540},"width":1920,"sublayerTransform":[1,0,0,0,0,1,0,0,0,0,1,-0.00035007912466775983,0,0,0,1],"contentsRect":{"y":0,"x":0,"width":1,"height":1},"opacity":1,"edgeAntialiasingMask":251658240,"height":1080,"hidden":false,"anchorPoint":{"pointX":0.5,"pointY":0.5}},"layers":[{"animations":[],"layers":[],"texturedRectangle":{"isBackgroundTexture":false,"singleTextureOpacity":1,"textureType":0,"textBaseline":0,"textXHeight":0,"isVerticalText":false},"initialState":{"affineTransform":[1,0,0,1,0,0],"masksToBounds":false,"rotation":0,"scale":1,"position":{"pointX":960,"pointY":540},"width":1920,"sublayerTransform":[1,0,0,0,0,1,0,0,0,0,1,0,0,0,0,1],"contentsRect":{"y":0,"x":0,"width":1,"height":1},"opacity":1,"edgeAntialiasingMask":0,"height":1080,"hidden":false,"anchorPoint":{"pointX":0.5,"pointY":0.5}},"texture":"5E5D976EB1A38F21D72FF313240D3338"},{"animations":[{"additive":false,"timeOffset":0,"beginTime":0,"from":{"scalar":false},"repeatCount":0,"fillMode":"both","duration":0.001,"autoreverses":false,"property":"hidden","to":{"scalar":true},"removedOnCompletion":false}],"layers":[],"texturedRectangle":{"isBackgroundTexture":false,"singleTextureOpacity":1,"textureType":0,"textBaseline":0,"textXHeight":0,"isVerticalText":false},"initialState":{"affineTransform":[1,0,0,1,0,0],"masksToBounds":false,"rotation":0,"scale":1,"position":{"pointX":960,"pointY":540},"width":1920,"sublayerTransform":[1,0,0,0,0,1,0,0,0,0,1,0,0,0,0,1],"contentsRect":{"y":0,"x":0,"width":1,"height":1},"opacity":1,"edgeAntialiasingMask":0,"height":1080,"hidden":false,"anchorPoint":{"pointX":0.5,"pointY":0.5}},"texture":"47232037A2F8F06B31C15D156D10BF64"}]}]},"effects":[],"duration":0.001,"type":"transition","attributes":{"direction":0},"name":"none","objectID":"0"}],"automaticPlay":false,"hyperlinks":[],"accessibility":[{"text":"m <— Hash (msg)","targetRectangle":{"y":358.18350434303284,"x":263.84565734863281,"width":294.80625048279762,"height":43}},{"text":"v <— Discrete Gaussian sample(m)","targetRectangle":{"y":416.18350434303284,"x":263.84565734863281,"width":628.92000102996826,"height":43}},{"text":"Return s = (m-v)","targetRectangle":{"y":474.18350434303284,"x":263.84565734863281,"width":315.90000048279762,"height":43}},{"text":"Sign (sk, msg) ","targetRectangle":{"y":279.01123034954071,"x":409.36248254776001,"width":316.40625,"height":103.20000410079956}},{"text":"Assert ||s|| small","targetRectangle":{"y":701.69220185279846,"x":263.84565734863281,"width":353.76750057935715,"height":43}},{"text":"Assert s-Hash(msg) is in L","targetRectangle":{"y":759.69220185279846,"x":263.84565734863281,"width":510.99750083684921,"height":43}},{"text":"Accept","targetRectangle":{"y":817.69220185279846,"x":263.84565734863281,"width":119.36250016093254,"height":43}},{"text":"-10-","targetRectangle":{"y":1030.4385991096497,"x":938.18651579869743,"width":43.626953143816081,"height":32}},{"text":"Verif (pk, msg, s) ","targetRectangle":{"y":630.01123034954071,"x":368.03064632415771,"width":400.78125,"height":103.20000410079956}},{"text":"Hash and sign for lattices (101)","targetRectangle":{"y":15.849873900413513,"x":24.630153894424438,"width":577.57464731097218,"height":65}}],"baseLayer":{"animations":[],"initialState":{"affineTransform":[1,0,0,1,0,0],"masksToBounds":false,"rotation":0,"scale":1,"position":{"pointX":960,"pointY":540},"width":1920,"sublayerTransform":[1,0,0,0,0,1,0,0,0,0,1,0,0,0,0,1],"contentsRect":{"y":0,"x":0,"width":1,"height":1},"opacity":1,"edgeAntialiasingMask":251658240,"height":1080,"hidden":false,"anchorPoint":{"pointX":0.5,"pointY":0.5}},"objectID":"0","layers":[{"animations":[],"initialState":{"affineTransform":[1,0,0,1,0,0],"masksToBounds":false,"rotation":0,"scale":1,"position":{"pointX":960,"pointY":540},"width":1920,"sublayerTransform":[1,0,0,0,0,1,0,0,0,0,1,-0.00035007912466775983,0,0,0,1],"contentsRect":{"y":0,"x":0,"width":1,"height":1},"opacity":1,"edgeAntialiasingMask":251658240,"height":1080,"hidden":false,"anchorPoint":{"pointX":0.5,"pointY":0.5}},"layers":[{"animations":[],"layers":[],"texturedRectangle":{"isBackgroundTexture":false,"singleTextureOpacity":1,"textureType":0,"textBaseline":0,"textXHeight":0,"isVerticalText":false},"initialState":{"affineTransform":[1,0,0,1,0,0],"masksToBounds":false,"rotation":0,"scale":1,"position":{"pointX":960,"pointY":540},"width":1920,"sublayerTransform":[1,0,0,0,0,1,0,0,0,0,1,0,0,0,0,1],"contentsRect":{"y":0,"x":0,"width":1,"height":1},"opacity":1,"edgeAntialiasingMask":0,"height":1080,"hidden":false,"anchorPoint":{"pointX":0.5,"pointY":0.5}},"texture":"47232037A2F8F06B31C15D156D10BF64"}]}]}}]}