{"assets":{"201F40FA327902953D087391AEA92CCB":{"type":"texture","index":8,"url":{"native":"assets\/9C073F46-CA34-4111-B8BC-8CB7C9CCCB5D.pdf"},"width":1326,"height":167},"6A707AF4A03310430089BFF62BB9AB6F":{"type":"texture","index":3,"url":{"native":"assets\/9C073F46-CA34-4111-B8BC-8CB7C9CCCB5D.pdf"},"width":32,"height":21},"93614E2B47DD4AC477A0861A150C6D8C":{"type":"texture","index":7,"url":{"native":"assets\/9C073F46-CA34-4111-B8BC-8CB7C9CCCB5D.pdf"},"width":472,"height":52},"044C9B0F65EF24828AF06EAAC3884837":{"type":"texture","index":5,"url":{"native":"assets\/9C073F46-CA34-4111-B8BC-8CB7C9CCCB5D.pdf"},"width":262,"height":21},"94AF8DE0940CA9B2EE32A2D563BB1B8D":{"type":"texture","index":0,"url":{"native":"assets\/9C073F46-CA34-4111-B8BC-8CB7C9CCCB5D.pdf"},"width":1920,"height":1080},"0F3BA3B45D8CC02F35E21323EDAAEF5B":{"type":"texture","index":4,"url":{"native":"assets\/9C073F46-CA34-4111-B8BC-8CB7C9CCCB5D.pdf"},"width":1310,"height":147},"A1B5406AB2A6B141F8B11D9B9F05A107":{"type":"texture","index":6,"url":{"native":"assets\/9C073F46-CA34-4111-B8BC-8CB7C9CCCB5D.pdf"},"width":2119,"height":100},"CD98BCF8D21183B5531DDBD93CB8C1C9":{"type":"texture","index":1,"url":{"native":"assets\/9C073F46-CA34-4111-B8BC-8CB7C9CCCB5D.pdf"},"width":1310,"height":148},"1C2BBE19DEFF9D9FC044EF44112A066F":{"type":"texture","index":9,"url":{"native":"assets\/9C073F46-CA34-4111-B8BC-8CB7C9CCCB5D.pdf"},"width":1920,"height":1080},"B489D0B2D7E57BA7FD12C563AEAA2143":{"type":"texture","index":10,"url":{"native":"assets\/9C073F46-CA34-4111-B8BC-8CB7C9CCCB5D.pdf"},"width":1920,"height":1080},"CCBA5698CACDA571A37BCC64B0414FCF":{"type":"texture","index":2,"url":{"native":"assets\/9C073F46-CA34-4111-B8BC-8CB7C9CCCB5D.pdf"},"width":255,"height":21}},"events":[{"effects":[{"beginTime":0,"baseLayer":{"animations":[],"initialState":{"affineTransform":[1,0,0,1,0,0],"masksToBounds":false,"rotation":0,"scale":1,"position":{"pointX":959.09466552734375,"pointY":846.95928955078125},"width":1326,"sublayerTransform":[1,0,0,0,0,1,0,0,0,0,1,0,0,0,0,1],"contentsRect":{"y":0,"x":0,"width":1,"height":1},"opacity":1,"edgeAntialiasingMask":251658240,"height":167,"hidden":false,"anchorPoint":{"pointX":0.5,"pointY":0.5}},"objectID":"F989E315-B508-42F7-8246-349B7EE62409","layers":[{"animations":[],"initialState":{"affineTransform":[1,0,0,1,0,0],"masksToBounds":false,"rotation":0,"scale":1,"position":{"pointX":663.90533447265625,"pointY":-223.45928955078125},"width":1326,"sublayerTransform":[1,0,0,0,0,1,0,0,0,0,1,-0.00035007912466775983,0,0,0,1],"contentsRect":{"y":0,"x":0,"width":1,"height":1},"opacity":1,"edgeAntialiasingMask":251658240,"height":167,"hidden":false,"anchorPoint":{"pointX":0.50068275601256129,"pointY":-1.3380795781483907}},"layers":[{"animations":[{"additive":false,"timeOffset":0,"beginTime":1e-100,"repeatCount":0,"fillMode":"both","duration":1,"autoreverses":false,"animations":[{"repeatCount":0,"removedOnCompletion":true,"from":{"scalar":0},"timingFunction":"EaseInEaseOut","additive":false,"timeOffset":0,"autoreverses":false,"property":"opacity","fillMode":"both","duration":1,"beginTime":0,"to":{"scalar":1}},{"additive":false,"timeOffset":0,"beginTime":0,"from":{"scalar":false},"repeatCount":0,"fillMode":"forwards","duration":1,"autoreverses":false,"property":"hidden","to":{"scalar":false},"removedOnCompletion":true}],"removedOnCompletion":false}],"layers":[],"texturedRectangle":{"isBackgroundTexture":true,"singleTextureOpacity":1,"textureType":5,"textBaseline":0,"textXHeight":0,"isVerticalText":false},"initialState":{"affineTransform":[1,0,0,1,0,0],"masksToBounds":false,"rotation":0,"scale":1,"position":{"pointX":656.90533447265625,"pointY":82.04071044921875},"width":1326,"sublayerTransform":[1,0,0,0,0,1,0,0,0,0,1,0,0,0,0,1],"contentsRect":{"y":0,"x":0,"width":1,"height":1},"opacity":1,"edgeAntialiasingMask":0,"height":167,"hidden":true,"anchorPoint":{"pointX":0.5,"pointY":0.5}},"texture":"201F40FA327902953D087391AEA92CCB"}]}]},"effects":[],"duration":1,"type":"buildIn","attributes":{"direction":42},"name":"apple:wipe-iris","objectID":"F989E315-B508-42F7-8246-349B7EE62409"}],"automaticPlay":false,"hyperlinks":[],"accessibility":[{"text":"“The better the basis, the easier my problem becomes”","targetRectangle":{"y":812.32283020019531,"x":556.69593313598637,"width":792.40700000000004,"height":46}},{"text":"the bkz algorithm","targetRectangle":{"y":506.83666980266571,"x":819.17388939857483,"width":258.66250373064122,"height":37}},{"text":"the lll algorithm","targetRectangle":{"y":247.21401965618134,"x":826.27447533607483,"width":252.25000363508752,"height":37}},{"text":"The reduction algorithms","targetRectangle":{"y":15.849873900413513,"x":24.630153894424438,"width":472.46849915510415,"height":65}},{"text":"equation.pdf","targetRectangle":{"y":610.22609883039013,"x":496.95808691427408,"width":42.989808736763507,"height":43.345668893071775}},{"text":"There exists a polynomial-time algorithm which","targetRectangle":{"y":310.68775146844507,"x":589.07645909488201,"width":742.19554614275694,"height":41}},{"text":"outputs a ￼-approximation of the shortest vectors ","targetRectangle":{"y":351.68775146844507,"x":589.38630623917243,"width":750.215851869061,"height":41.159926173843019}},{"text":"equation.pdf","targetRectangle":{"y":612.411841549619,"x":1244.6317230437944,"width":164.55754353460861,"height":41.159926173842905}},{"text":"There exists an algorithm which outputs a ","targetRectangle":{"y":569.22609883039013,"x":627.756372384727,"width":660.35460870712996,"height":41}},{"text":"￼-approximation of the shortest vector in time ￼","targetRectangle":{"y":610.22609883039013,"x":496.95808691427408,"width":912.59117965608232,"height":43.345668893071888}},{"text":"Every lattice cryptographer ever","targetRectangle":{"y":864.73170471191406,"x":1250.8217266845702,"width":327.86500000000024,"height":31}},{"text":"-8-","targetRectangle":{"y":1030.4385991096497,"x":944.40038298933348,"width":31.199218762543978,"height":32}},{"text":"equation.pdf","targetRectangle":{"y":351.68775146844507,"x":735.61872803756432,"width":30.866242881133189,"height":41.159926173842962}}],"baseLayer":{"animations":[],"initialState":{"affineTransform":[1,0,0,1,0,0],"masksToBounds":false,"rotation":0,"scale":1,"position":{"pointX":960,"pointY":540},"width":1920,"sublayerTransform":[1,0,0,0,0,1,0,0,0,0,1,0,0,0,0,1],"contentsRect":{"y":0,"x":0,"width":1,"height":1},"opacity":1,"edgeAntialiasingMask":251658240,"height":1080,"hidden":false,"anchorPoint":{"pointX":0.5,"pointY":0.5}},"layers":[{"animations":[],"initialState":{"affineTransform":[1,0,0,1,0,0],"masksToBounds":false,"rotation":0,"scale":1,"position":{"pointX":960,"pointY":540},"width":1920,"sublayerTransform":[1,0,0,0,0,1,0,0,0,0,1,0,0,0,0,1],"contentsRect":{"y":0,"x":0,"width":1,"height":1},"opacity":1,"edgeAntialiasingMask":251658240,"height":1080,"hidden":false,"anchorPoint":{"pointX":0.5,"pointY":0.5}},"layers":[{"animations":[],"initialState":{"affineTransform":[1,0,0,1,0,0],"masksToBounds":false,"rotation":0,"scale":1,"position":{"pointX":960,"pointY":540},"width":1920,"sublayerTransform":[1,0,0,0,0,1,0,0,0,0,1,0,0,0,0,1],"contentsRect":{"y":0,"x":0,"width":1,"height":1},"opacity":1,"edgeAntialiasingMask":251658240,"height":1080,"hidden":false,"anchorPoint":{"pointX":0.5,"pointY":0.5}},"layers":[{"animations":[],"layers":[],"texturedRectangle":{"isBackgroundTexture":true,"singleTextureOpacity":1,"textureType":1,"textBaseline":0,"textXHeight":0,"isVerticalText":false},"initialState":{"affineTransform":[1,0,0,1,0,0],"masksToBounds":false,"rotation":0,"scale":1,"position":{"pointX":960,"pointY":540},"width":1920,"sublayerTransform":[1,0,0,0,0,1,0,0,0,0,1,0,0,0,0,1],"contentsRect":{"y":0,"x":0,"width":1,"height":1},"opacity":1,"edgeAntialiasingMask":0,"height":1080,"hidden":false,"anchorPoint":{"pointX":0.5,"pointY":0.5}},"texture":"94AF8DE0940CA9B2EE32A2D563BB1B8D"}]}]},{"animations":[],"initialState":{"affineTransform":[1,0,0,1,0,0],"masksToBounds":false,"rotation":0,"scale":1,"position":{"pointX":960,"pointY":540},"width":1920,"sublayerTransform":[1,0,0,0,0,1,0,0,0,0,1,0,0,0,0,1],"contentsRect":{"y":0,"x":0,"width":1,"height":1},"opacity":1,"edgeAntialiasingMask":251658240,"height":1080,"hidden":false,"anchorPoint":{"pointX":0.5,"pointY":0.5}},"layers":[{"animations":[],"initialState":{"affineTransform":[1,0,0,1,0,0],"masksToBounds":false,"rotation":0,"scale":1,"position":{"pointX":961.74423217773438,"pointY":353.5771484375},"width":1310,"sublayerTransform":[1,0,0,0,0,1,0,0,0,0,1,0,0,0,0,1],"contentsRect":{"y":0,"x":0,"width":1,"height":1},"opacity":1,"edgeAntialiasingMask":251658240,"height":148,"hidden":false,"anchorPoint":{"pointX":0.5,"pointY":0.5}},"layers":[{"animations":[],"layers":[],"texturedRectangle":{"singleTextureOpacity":1,"textXHeight":0,"shapePath":{"lineWidth":1,"flatness":0.59999999999999998,"lineCapStyle":0,"elements":[{"type":"MoveToPoint","points":[[20.983699465942379,3.5771484375]]},{"type":"AddLine","points":[[1289.0163615692138,3.5771484375]]},{"type":"AddCurve","points":[[1294.0752703811222,3.5771484375],[1297.1106156682674,3.5771484375],[1299.1341791930308,4.4219590534968916]]},{"type":"AddCurve","points":[[1302.0513208956518,5.4837118023875746],[1304.3492654925342,7.7816563992699912],[1305.4110182414249,10.698798101891043]]},{"type":"AddCurve","points":[[1306.2558288574219,12.722361626654447],[1306.2558288574219,15.757706913799495],[1306.2558288574219,20.816615725708004]]},{"type":"AddLine","points":[[1306.2558288574219,126.962681149292]]},{"type":"AddCurve","points":[[1306.2558288574219,132.0215899612005],[1306.2558288574219,135.05693524834555],[1305.4110182414249,137.08049877310896]]},{"type":"AddCurve","points":[[1304.3492654925342,139.99764047573001],[1302.0513208956518,142.29558507261243],[1299.1341791930308,143.35733782150311]]},{"type":"AddCurve","points":[[1297.1106156682674,144.2021484375],[1294.0752703811222,144.2021484375],[1289.0163615692138,144.2021484375]]},{"type":"AddLine","points":[[20.983699465942379,144.2021484375]]},{"type":"AddCurve","points":[[15.92479065403387,144.2021484375],[12.889445366888822,144.2021484375],[10.865881842125418,143.35733782150311]]},{"type":"AddCurve","points":[[7.9487401395043662,142.29558507261243],[5.6507955426219496,139.99764047573001],[4.5890427937312666,137.08049877310896]]},{"type":"AddCurve","points":[[3.744232177734375,135.05693524834555],[3.744232177734375,132.0215899612005],[3.744232177734375,126.962681149292]]},{"type":"AddLine","points":[[3.744232177734375,20.816615725708004]]},{"type":"AddCurve","points":[[3.744232177734375,15.757706913799495],[3.744232177734375,12.722361626654447],[4.5890427937312666,10.698798101891043]]},{"type":"AddCurve","points":[[5.6507955426219496,7.7816563992699912],[7.9487401395043662,5.4837118023875746],[10.865881842125418,4.4219590534968916]]},{"type":"AddCurve","points":[[12.889445366888822,3.5771484375],[15.92479065403387,3.5771484375],[20.983699465942379,3.5771484375]]},{"type":"CloseSubpath"},{"type":"MoveToPoint","points":[[20.983699465942379,3.5771484375]]}],"windingRule":0,"lineJoinStyle":0,"miterLimit":10},"isBackgroundTexture":true,"textBaseline":0,"isVerticalText":false,"textureType":5},"initialState":{"affineTransform":[1,0,0,1,0,0],"masksToBounds":false,"rotation":0,"scale":1,"position":{"pointX":653.25576782226562,"pointY":72.4228515625},"width":1310,"sublayerTransform":[1,0,0,0,0,1,0,0,0,0,1,0,0,0,0,1],"contentsRect":{"y":0,"x":0,"width":1,"height":1},"opacity":1,"edgeAntialiasingMask":0,"height":148,"hidden":false,"anchorPoint":{"pointX":0.5,"pointY":0.5}},"texture":"CD98BCF8D21183B5531DDBD93CB8C1C9"}]}]},{"animations":[],"initialState":{"affineTransform":[1,0,0,1,0,0],"masksToBounds":false,"rotation":0,"scale":1,"position":{"pointX":960,"pointY":540},"width":1920,"sublayerTransform":[1,0,0,0,0,1,0,0,0,0,1,0,0,0,0,1],"contentsRect":{"y":0,"x":0,"width":1,"height":1},"opacity":1,"edgeAntialiasingMask":251658240,"height":1080,"hidden":false,"anchorPoint":{"pointX":0.5,"pointY":0.5}},"layers":[{"animations":[],"initialState":{"affineTransform":[1,0,0,1,0,0],"masksToBounds":false,"rotation":0,"scale":1,"position":{"pointX":950.77447509765625,"pointY":254.71401941776276},"width":255,"sublayerTransform":[1,0,0,0,0,1,0,0,0,0,1,0,0,0,0,1],"contentsRect":{"y":0,"x":0,"width":1,"height":1},"opacity":1,"edgeAntialiasingMask":251658240,"height":21,"hidden":false,"anchorPoint":{"pointX":0.5,"pointY":0.5}},"layers":[{"animations":[],"layers":[],"texturedRectangle":{"singleTextureOpacity":1,"textXHeight":0.52321429351078608,"textBaseline":0.87328665029434926,"isBackgroundTexture":true,"isVerticalText":false,"textColor":[0.34117648005485535,0.32156863808631897,0.47450980544090271,1],"textureType":6},"initialState":{"affineTransform":[1,0,0,1,0,0],"masksToBounds":false,"rotation":0,"scale":1,"position":{"pointX":129.22552490234375,"pointY":24.285980582237244},"width":255,"sublayerTransform":[1,0,0,0,0,1,0,0,0,0,1,0,0,0,0,1],"contentsRect":{"y":0,"x":0,"width":1,"height":1},"opacity":1,"edgeAntialiasingMask":0,"height":21,"hidden":false,"anchorPoint":{"pointX":0.5,"pointY":0.5}},"texture":"CCBA5698CACDA571A37BCC64B0414FCF"}]}]},{"animations":[],"initialState":{"affineTransform":[1,0,0,1,0,0],"masksToBounds":false,"rotation":0,"scale":1,"position":{"pointX":960,"pointY":540},"width":1920,"sublayerTransform":[1,0,0,0,0,1,0,0,0,0,1,0,0,0,0,1],"contentsRect":{"y":0,"x":0,"width":1,"height":1},"opacity":1,"edgeAntialiasingMask":251658240,"height":1080,"hidden":false,"anchorPoint":{"pointX":0.5,"pointY":0.5}},"layers":[{"animations":[],"initialState":{"affineTransform":[1,0,0,1,0,0],"masksToBounds":false,"rotation":0,"scale":1,"position":{"pointX":944.07666015625,"pointY":1037.9385988712311},"width":32,"sublayerTransform":[1,0,0,0,0,1,0,0,0,0,1,0,0,0,0,1],"contentsRect":{"y":0,"x":0,"width":1,"height":1},"opacity":1,"edgeAntialiasingMask":251658240,"height":21,"hidden":false,"anchorPoint":{"pointX":0.5,"pointY":0.5}},"layers":[{"animations":[],"layers":[],"texturedRectangle":{"singleTextureOpacity":1,"textXHeight":0.58528645833333337,"textBaseline":0.88323686236426946,"isBackgroundTexture":true,"isVerticalText":false,"textColor":[0.34117648005485535,0.32156863808631897,0.47450980544090271,1],"textureType":6},"initialState":{"affineTransform":[1,0,0,1,0,0],"masksToBounds":false,"rotation":0,"scale":1,"position":{"pointX":32.92333984375,"pointY":20.061401128768921},"width":32,"sublayerTransform":[1,0,0,0,0,1,0,0,0,0,1,0,0,0,0,1],"contentsRect":{"y":0,"x":0,"width":1,"height":1},"opacity":1,"edgeAntialiasingMask":0,"height":21,"hidden":false,"anchorPoint":{"pointX":0.5,"pointY":0.5}},"texture":"6A707AF4A03310430089BFF62BB9AB6F"}]}]},{"animations":[],"initialState":{"affineTransform":[1,0,0,1,0,0],"masksToBounds":false,"rotation":0,"scale":1,"position":{"pointX":960,"pointY":540},"width":1920,"sublayerTransform":[1,0,0,0,0,1,0,0,0,0,1,0,0,0,0,1],"contentsRect":{"y":0,"x":0,"width":1,"height":1},"opacity":1,"edgeAntialiasingMask":251658240,"height":1080,"hidden":false,"anchorPoint":{"pointX":0.5,"pointY":0.5}},"layers":[{"animations":[],"initialState":{"affineTransform":[1,0,0,1,0,0],"masksToBounds":false,"rotation":0,"scale":1,"position":{"pointX":954.6436767578125,"pointY":612.6998291015625},"width":1310,"sublayerTransform":[1,0,0,0,0,1,0,0,0,0,1,0,0,0,0,1],"contentsRect":{"y":0,"x":0,"width":1,"height":1},"opacity":1,"edgeAntialiasingMask":251658240,"height":147,"hidden":false,"anchorPoint":{"pointX":0.5,"pointY":0.5}},"layers":[{"animations":[],"layers":[],"texturedRectangle":{"singleTextureOpacity":1,"textXHeight":0,"shapePath":{"lineWidth":1,"flatness":0.59999999999999998,"lineCapStyle":0,"elements":[{"type":"MoveToPoint","points":[[20.883144046020504,3.1998291015625]]},{"type":"AddLine","points":[[1288.9158061492919,3.1998291015625]]},{"type":"AddCurve","points":[[1293.9747149612003,3.1998291015625],[1297.0100602483456,3.1998291015625],[1299.033623773109,4.0446397175594484]]},{"type":"AddCurve","points":[[1301.9507654757299,5.1063924664500746],[1304.2487100726123,7.4043370633324912],[1305.3104628215031,10.321478765953543]]},{"type":"AddCurve","points":[[1306.1552734375,12.345042290716947],[1306.1552734375,15.380387577862052],[1306.1552734375,20.439296389770561]]},{"type":"AddLine","points":[[1306.1552734375,126.58536181335444]]},{"type":"AddCurve","points":[[1306.1552734375,131.64427062526306],[1306.1552734375,134.67961591240805],[1305.3104628215031,136.70317943717146]]},{"type":"AddCurve","points":[[1304.2487100726123,139.62032113979251],[1301.9507654757299,141.91826573667493],[1299.033623773109,142.98001848556555]]},{"type":"AddCurve","points":[[1297.0100602483456,143.8248291015625],[1293.9747149612003,143.8248291015625],[1288.9158061492919,143.8248291015625]]},{"type":"AddLine","points":[[20.883144046020504,143.8248291015625]]},{"type":"AddCurve","points":[[15.824235234111995,143.8248291015625],[12.788889946966947,143.8248291015625],[10.765326422203543,142.98001848556555]]},{"type":"AddCurve","points":[[7.8481847195824912,141.91826573667493],[5.5502401227000746,139.62032113979251],[4.4884873738093916,136.70317943717146]]},{"type":"AddCurve","points":[[3.6436767578125,134.67961591240805],[3.6436767578125,131.64427062526306],[3.6436767578125,126.58536181335444]]},{"type":"AddLine","points":[[3.6436767578125,20.439296389770561]]},{"type":"AddCurve","points":[[3.6436767578125,15.380387577862052],[3.6436767578125,12.345042290716947],[4.4884873738093916,10.321478765953543]]},{"type":"AddCurve","points":[[5.5502401227000746,7.4043370633324912],[7.8481847195824912,5.1063924664500746],[10.765326422203543,4.0446397175594484]]},{"type":"AddCurve","points":[[12.788889946966947,3.1998291015625],[15.824235234111995,3.1998291015625],[20.883144046020504,3.1998291015625]]},{"type":"CloseSubpath"},{"type":"MoveToPoint","points":[[20.883144046020504,3.1998291015625]]}],"windingRule":0,"lineJoinStyle":0,"miterLimit":10},"isBackgroundTexture":true,"textBaseline":0,"isVerticalText":false,"textureType":5},"initialState":{"affineTransform":[1,0,0,1,0,0],"masksToBounds":false,"rotation":0,"scale":1,"position":{"pointX":653.3563232421875,"pointY":72.3001708984375},"width":1310,"sublayerTransform":[1,0,0,0,0,1,0,0,0,0,1,0,0,0,0,1],"contentsRect":{"y":0,"x":0,"width":1,"height":1},"opacity":1,"edgeAntialiasingMask":0,"height":147,"hidden":false,"anchorPoint":{"pointX":0.5,"pointY":0.5}},"texture":"0F3BA3B45D8CC02F35E21323EDAAEF5B"}]}]},{"animations":[],"initialState":{"affineTransform":[1,0,0,1,0,0],"masksToBounds":false,"rotation":0,"scale":1,"position":{"pointX":960,"pointY":540},"width":1920,"sublayerTransform":[1,0,0,0,0,1,0,0,0,0,1,0,0,0,0,1],"contentsRect":{"y":0,"x":0,"width":1,"height":1},"opacity":1,"edgeAntialiasingMask":251658240,"height":1080,"hidden":false,"anchorPoint":{"pointX":0.5,"pointY":0.5}},"layers":[{"animations":[],"initialState":{"affineTransform":[1,0,0,1,0,0],"masksToBounds":false,"rotation":0,"scale":1,"position":{"pointX":947.17388916015625,"pointY":514.33666956424713},"width":262,"sublayerTransform":[1,0,0,0,0,1,0,0,0,0,1,0,0,0,0,1],"contentsRect":{"y":0,"x":0,"width":1,"height":1},"opacity":1,"edgeAntialiasingMask":251658240,"height":21,"hidden":false,"anchorPoint":{"pointX":0.5,"pointY":0.5}},"layers":[{"animations":[],"layers":[],"texturedRectangle":{"singleTextureOpacity":1,"textXHeight":0.52321429351078608,"textBaseline":0.90293665726979577,"isBackgroundTexture":true,"isVerticalText":false,"textColor":[0.34117648005485535,0.32156863808631897,0.47450980544090271,1],"textureType":6},"initialState":{"affineTransform":[1,0,0,1,0,0],"masksToBounds":false,"rotation":0,"scale":1,"position":{"pointX":132.82611083984375,"pointY":23.663330435752869},"width":262,"sublayerTransform":[1,0,0,0,0,1,0,0,0,0,1,0,0,0,0,1],"contentsRect":{"y":0,"x":0,"width":1,"height":1},"opacity":1,"edgeAntialiasingMask":0,"height":21,"hidden":false,"anchorPoint":{"pointX":0.5,"pointY":0.5}},"texture":"044C9B0F65EF24828AF06EAAC3884837"}]}]},{"animations":[],"initialState":{"affineTransform":[1,0,0,1,0,0],"masksToBounds":false,"rotation":0,"scale":1,"position":{"pointX":960,"pointY":540},"width":1920,"sublayerTransform":[1,0,0,0,0,1,0,0,0,0,1,0,0,0,0,1],"contentsRect":{"y":0,"x":0,"width":1,"height":1},"opacity":1,"edgeAntialiasingMask":251658240,"height":1080,"hidden":false,"anchorPoint":{"pointX":0.5,"pointY":0.5}},"layers":[{"animations":[],"initialState":{"affineTransform":[1,0,0,1,0,0],"masksToBounds":false,"rotation":0,"scale":1,"position":{"pointX":1032.763879776001,"pointY":49.973399471491575},"width":2119,"sublayerTransform":[1,0,0,0,0,1,0,0,0,0,1,0,0,0,0,1],"contentsRect":{"y":0,"x":0,"width":1,"height":1},"opacity":1,"edgeAntialiasingMask":251658240,"height":100,"hidden":false,"anchorPoint":{"pointX":0.5,"pointY":0.5}},"layers":[{"animations":[],"layers":[],"texturedRectangle":{"isBackgroundTexture":true,"singleTextureOpacity":1,"textureType":5,"textBaseline":0,"textXHeight":0,"isVerticalText":false},"initialState":{"affineTransform":[1,0,0,1,0,0],"masksToBounds":false,"rotation":0,"scale":1,"position":{"pointX":1058.236120223999,"pointY":48.026600528508425},"width":2119,"sublayerTransform":[1,0,0,0,0,1,0,0,0,0,1,0,0,0,0,1],"contentsRect":{"y":0,"x":0,"width":1,"height":1},"opacity":1,"edgeAntialiasingMask":0,"height":100,"hidden":false,"anchorPoint":{"pointX":0.5,"pointY":0.5}},"texture":"A1B5406AB2A6B141F8B11D9B9F05A107"}]}]},{"animations":[],"initialState":{"affineTransform":[1,0,0,1,0,0],"masksToBounds":false,"rotation":0,"scale":1,"position":{"pointX":960,"pointY":540},"width":1920,"sublayerTransform":[1,0,0,0,0,1,0,0,0,0,1,0,0,0,0,1],"contentsRect":{"y":0,"x":0,"width":1,"height":1},"opacity":1,"edgeAntialiasingMask":251658240,"height":1080,"hidden":false,"anchorPoint":{"pointX":0.5,"pointY":0.5}},"layers":[{"animations":[],"initialState":{"affineTransform":[1,0,0,1,0,0],"masksToBounds":false,"rotation":0,"scale":1,"position":{"pointX":257.63015365600586,"pointY":38.849873661994934},"width":472,"sublayerTransform":[1,0,0,0,0,1,0,0,0,0,1,0,0,0,0,1],"contentsRect":{"y":0,"x":0,"width":1,"height":1},"opacity":1,"edgeAntialiasingMask":251658240,"height":52,"hidden":false,"anchorPoint":{"pointX":0.5,"pointY":0.5}},"layers":[{"animations":[],"layers":[],"texturedRectangle":{"singleTextureOpacity":1,"textXHeight":0.37638461538461543,"textBaseline":0.7811852487233969,"isBackgroundTexture":true,"isVerticalText":false,"textColor":[0.94720941781997681,0.91254544258117676,0.88294237852096558,1],"textureType":6},"initialState":{"affineTransform":[1,0,0,1,0,0],"masksToBounds":false,"rotation":0,"scale":1,"position":{"pointX":239.36984634399414,"pointY":35.150126338005066},"width":472,"sublayerTransform":[1,0,0,0,0,1,0,0,0,0,1,0,0,0,0,1],"contentsRect":{"y":0,"x":0,"width":1,"height":1},"opacity":1,"edgeAntialiasingMask":0,"height":52,"hidden":false,"anchorPoint":{"pointX":0.5,"pointY":0.5}},"texture":"93614E2B47DD4AC477A0861A150C6D8C"}]}]},{"animations":[],"initialState":{"affineTransform":[1,0,0,1,0,0],"masksToBounds":false,"rotation":0,"scale":1,"position":{"pointX":960,"pointY":540},"width":1920,"sublayerTransform":[1,0,0,0,0,1,0,0,0,0,1,0,0,0,0,1],"contentsRect":{"y":0,"x":0,"width":1,"height":1},"opacity":1,"edgeAntialiasingMask":251658240,"height":1080,"hidden":false,"anchorPoint":{"pointX":0.5,"pointY":0.5}},"layers":[{"animations":[],"initialState":{"affineTransform":[1,0,0,1,0,0],"masksToBounds":false,"rotation":0,"scale":1,"position":{"pointX":959.09466552734375,"pointY":846.95928955078125},"width":1326,"sublayerTransform":[1,0,0,0,0,1,0,0,0,0,1,0,0,0,0,1],"contentsRect":{"y":0,"x":0,"width":1,"height":1},"opacity":1,"edgeAntialiasingMask":251658240,"height":167,"hidden":false,"anchorPoint":{"pointX":0.5,"pointY":0.5}},"objectID":"F989E315-B508-42F7-8246-349B7EE62409","layers":[{"animations":[],"layers":[],"texturedRectangle":{"isBackgroundTexture":true,"singleTextureOpacity":1,"textureType":5,"textBaseline":0,"textXHeight":0,"isVerticalText":false},"initialState":{"affineTransform":[1,0,0,1,0,0],"masksToBounds":false,"rotation":0,"scale":1,"position":{"pointX":656.90533447265625,"pointY":82.04071044921875},"width":1326,"sublayerTransform":[1,0,0,0,0,1,0,0,0,0,1,0,0,0,0,1],"contentsRect":{"y":0,"x":0,"width":1,"height":1},"opacity":1,"edgeAntialiasingMask":0,"height":167,"hidden":true,"anchorPoint":{"pointX":0.5,"pointY":0.5}},"texture":"201F40FA327902953D087391AEA92CCB"}]}]}]}},{"effects":[{"beginTime":0,"baseLayer":{"animations":[],"initialState":{"affineTransform":[1,0,0,1,0,0],"masksToBounds":false,"rotation":0,"scale":1,"position":{"pointX":960,"pointY":540},"width":1920,"sublayerTransform":[1,0,0,0,0,1,0,0,0,0,1,0,0,0,0,1],"contentsRect":{"y":0,"x":0,"width":1,"height":1},"opacity":1,"edgeAntialiasingMask":251658240,"height":1080,"hidden":false,"anchorPoint":{"pointX":0.5,"pointY":0.5}},"objectID":"0","layers":[{"animations":[],"initialState":{"affineTransform":[1,0,0,1,0,0],"masksToBounds":false,"rotation":0,"scale":1,"position":{"pointX":960,"pointY":540},"width":1920,"sublayerTransform":[1,0,0,0,0,1,0,0,0,0,1,-0.00035007912466775983,0,0,0,1],"contentsRect":{"y":0,"x":0,"width":1,"height":1},"opacity":1,"edgeAntialiasingMask":251658240,"height":1080,"hidden":false,"anchorPoint":{"pointX":0.5,"pointY":0.5}},"layers":[{"animations":[],"layers":[],"texturedRectangle":{"isBackgroundTexture":false,"singleTextureOpacity":1,"textureType":0,"textBaseline":0,"textXHeight":0,"isVerticalText":false},"initialState":{"affineTransform":[1,0,0,1,0,0],"masksToBounds":false,"rotation":0,"scale":1,"position":{"pointX":960,"pointY":540},"width":1920,"sublayerTransform":[1,0,0,0,0,1,0,0,0,0,1,0,0,0,0,1],"contentsRect":{"y":0,"x":0,"width":1,"height":1},"opacity":1,"edgeAntialiasingMask":0,"height":1080,"hidden":false,"anchorPoint":{"pointX":0.5,"pointY":0.5}},"texture":"B489D0B2D7E57BA7FD12C563AEAA2143"},{"animations":[{"additive":false,"timeOffset":0,"beginTime":0,"from":{"scalar":false},"repeatCount":0,"fillMode":"both","duration":0.001,"autoreverses":false,"property":"hidden","to":{"scalar":true},"removedOnCompletion":false}],"layers":[],"texturedRectangle":{"isBackgroundTexture":false,"singleTextureOpacity":1,"textureType":0,"textBaseline":0,"textXHeight":0,"isVerticalText":false},"initialState":{"affineTransform":[1,0,0,1,0,0],"masksToBounds":false,"rotation":0,"scale":1,"position":{"pointX":960,"pointY":540},"width":1920,"sublayerTransform":[1,0,0,0,0,1,0,0,0,0,1,0,0,0,0,1],"contentsRect":{"y":0,"x":0,"width":1,"height":1},"opacity":1,"edgeAntialiasingMask":0,"height":1080,"hidden":false,"anchorPoint":{"pointX":0.5,"pointY":0.5}},"texture":"1C2BBE19DEFF9D9FC044EF44112A066F"}]}]},"effects":[],"duration":0.001,"type":"transition","attributes":{"direction":0},"name":"none","objectID":"0"}],"automaticPlay":false,"hyperlinks":[],"accessibility":[{"text":"“The better the basis, the easier my problem becomes”","targetRectangle":{"y":812.32283020019531,"x":556.69593313598637,"width":792.40700000000004,"height":46}},{"text":"the bkz algorithm","targetRectangle":{"y":506.83666980266571,"x":819.17388939857483,"width":258.66250373064122,"height":37}},{"text":"the lll algorithm","targetRectangle":{"y":247.21401965618134,"x":826.27447533607483,"width":252.25000363508752,"height":37}},{"text":"The reduction algorithms","targetRectangle":{"y":15.849873900413513,"x":24.630153894424438,"width":472.46849915510415,"height":65}},{"text":"equation.pdf","targetRectangle":{"y":610.22609883039013,"x":496.95808691427408,"width":42.989808736763507,"height":43.345668893071775}},{"text":"There exists a polynomial-time algorithm which","targetRectangle":{"y":310.68775146844507,"x":589.07645909488201,"width":742.19554614275694,"height":41}},{"text":"outputs a ￼-approximation of the shortest vectors ","targetRectangle":{"y":351.68775146844507,"x":589.38630623917243,"width":750.215851869061,"height":41.159926173843019}},{"text":"equation.pdf","targetRectangle":{"y":612.411841549619,"x":1244.6317230437944,"width":164.55754353460861,"height":41.159926173842905}},{"text":"There exists an algorithm which outputs a ","targetRectangle":{"y":569.22609883039013,"x":627.756372384727,"width":660.35460870712996,"height":41}},{"text":"￼-approximation of the shortest vector in time ￼","targetRectangle":{"y":610.22609883039013,"x":496.95808691427408,"width":912.59117965608232,"height":43.345668893071888}},{"text":"Every lattice cryptographer ever","targetRectangle":{"y":864.73170471191406,"x":1250.8217266845702,"width":327.86500000000024,"height":31}},{"text":"-8-","targetRectangle":{"y":1030.4385991096497,"x":944.40038298933348,"width":31.199218762543978,"height":32}},{"text":"equation.pdf","targetRectangle":{"y":351.68775146844507,"x":735.61872803756432,"width":30.866242881133189,"height":41.159926173842962}}],"baseLayer":{"animations":[],"initialState":{"affineTransform":[1,0,0,1,0,0],"masksToBounds":false,"rotation":0,"scale":1,"position":{"pointX":960,"pointY":540},"width":1920,"sublayerTransform":[1,0,0,0,0,1,0,0,0,0,1,0,0,0,0,1],"contentsRect":{"y":0,"x":0,"width":1,"height":1},"opacity":1,"edgeAntialiasingMask":251658240,"height":1080,"hidden":false,"anchorPoint":{"pointX":0.5,"pointY":0.5}},"objectID":"0","layers":[{"animations":[],"initialState":{"affineTransform":[1,0,0,1,0,0],"masksToBounds":false,"rotation":0,"scale":1,"position":{"pointX":960,"pointY":540},"width":1920,"sublayerTransform":[1,0,0,0,0,1,0,0,0,0,1,-0.00035007912466775983,0,0,0,1],"contentsRect":{"y":0,"x":0,"width":1,"height":1},"opacity":1,"edgeAntialiasingMask":251658240,"height":1080,"hidden":false,"anchorPoint":{"pointX":0.5,"pointY":0.5}},"layers":[{"animations":[],"layers":[],"texturedRectangle":{"isBackgroundTexture":false,"singleTextureOpacity":1,"textureType":0,"textBaseline":0,"textXHeight":0,"isVerticalText":false},"initialState":{"affineTransform":[1,0,0,1,0,0],"masksToBounds":false,"rotation":0,"scale":1,"position":{"pointX":960,"pointY":540},"width":1920,"sublayerTransform":[1,0,0,0,0,1,0,0,0,0,1,0,0,0,0,1],"contentsRect":{"y":0,"x":0,"width":1,"height":1},"opacity":1,"edgeAntialiasingMask":0,"height":1080,"hidden":false,"anchorPoint":{"pointX":0.5,"pointY":0.5}},"texture":"1C2BBE19DEFF9D9FC044EF44112A066F"}]}]}}]}