{"autoplayTransitionDelay":5,"author":"","timestamp":"2024-37-4 10:11:5","loopSlideshow":0,"filename":"thomas_espitau","autoplayBuildDelay":2,"comment":"","title":"thomas_espitau","showMode":0,"creator":"Apple Keynote 14.2","slideList":["AE7B60EF-A8F0-44FC-A2D1-288D6860736E","8E25B48F-8A04-406C-91B0-CCFD1D651F16","5AD48279-BFD7-450E-904D-EEDB22B0F6EE","00987DBD-77CF-4D9B-9422-670FA7CE44DA","0DCB3CF1-944A-43B0-BD6E-52049E83B54F","A1F0CCC2-BB10-4E29-A6E4-00851001EF68","4166435A-CCCA-4891-88AA-4A6FCCEDCA62","0520D134-F506-4C54-B175-089FA58B0E85","E0A8110D-3A3D-41C9-9645-53C7C86C98E7","D3A818C5-1CE7-4B84-98B8-E8C0EEA796A4","9C073F46-CA34-4111-B8BC-8CB7C9CCCB5D","51E54011-920A-42F9-8F43-1AF21776AE16","FF7CBD81-5186-4820-B64F-69F40B034CA0","3EC428BB-8515-4D13-BE77-2483F2A3DD2E","471B4E13-2286-425A-87FE-8B482E483895","CA09246F-1B7C-4244-80EE-79E2A0685722","83B752DC-44B3-4AA8-AAF6-AB1640787BD5","8F23A0FC-6713-4613-9FAC-1DCB0FF4351B","86FEA788-FDE1-44DD-A49B-5CA9BD8A0B7D","B8FF76F9-1B9C-4084-8D2E-7BD48DEA253E","543DAD65-21BD-4B7B-9D46-9AAD6563D938","029E95B5-805A-48B8-8123-1841F6D0BDF6","8EA45EED-FDC5-4130-A415-B3D46767FC00","68A8E8B9-3165-4077-8D65-571289150C13","105D1541-F6D4-46BF-A2BC-5A2A89079256","5CEACE15-53CA-490E-8463-16022406B0A0","63FCF7FC-8B23-4E8C-B7A7-A6EAA6CAA27E","59FB4520-C21B-45BF-BBFC-BD2C5BCD62E6","5B77F3B5-04D1-498B-AA0D-9A64ECFC6FB0","E394CF5A-1988-4421-9449-493621758CC8","72F6EC60-611C-4756-AECC-D10EF4016D93"],"soundtrack":{"mode":0,"volume":1},"slideWidth":1920,"slideHeight":1080,"slideCount":31,"majorVersion":1,"minorVersion":2,"fonts":["HelveticaNeue-Bold","HelveticaNeue-Light","Graphik-Medium","Cochin-Italic","Helvetica","HelveticaNeue-Italic","Graphik-Bold","Baskerville-Italic","Helvetica-Light","LinLibertine","Graphik-Semibold","CaskaydiaCove-Regular","Georgia-Italic","GillSans","Avenir-BookOblique","HelveticaNeue-Medium","Graphik-RegularItalic","HelveticaNeue","Graphik-Regular","Charm-Regular"]}